{
    "quotes": [
        {
            "_id": "juG0aJTnYxmf",
            "content": "The Superior Man is aware of Righteousness, the inferior man is aware of advantage.",
            "author": "Confucius"
        },
        {
            "_id": "FMZiiLHfCOc",
            "content": "America's freedom of religion, and freedom from religion, offers every wisdom tradition an opportunity to address our soul-deep needs: Christianity, Judaism, Islam, Buddhism, Hinduism, secular humanism, agnosticism and atheism among others.",
            "author": "Parker Palmer"
        },
        {
            "_id": "CXJ3rBlnfFa2",
            "content": "Myths which are believed in tend to become true.",
            "author": "George Orwell"
        },
        {
            "_id": "ihnLNFx2ZolZ",
            "content": "In all chaos there is a cosmos, in all disorder a secret order.",
            "author": "Carl Jung"
        },
        {
            "_id": "HFT6qcdMVVt",
            "content": "Be courteous to all, but intimate with few, and let those few be well tried before you give them your confidence.",
            "author": "George Washington"
        },
        {
            "_id": "r6gpkIboJCzH",
            "content": "If you break your neck, if you have nothing to eat, if your house is on fire, then you got a problem. Everything else is inconvenience.",
            "author": "Robert Fulghum"
        },
        {
            "_id": "1BXjOAdiKUXW",
            "content": "The past has no power to stop you from being present now. Only your grievance about the past can do that.",
            "author": "Eckhart Tolle"
        },
        {
            "_id": "Z5HhvrGNn3_Y",
            "content": "There is nothing happens to any person but what was in his power to go through with.",
            "author": "Marcus Aurelius"
        },
        {
            "_id": "WDGgxBqNWco9",
            "content": "The smallest act of kindness is worth more than the grandest intention.",
            "author": "Oscar Wilde"
        },
        {
            "_id": "2hNPcjVsMTb",
            "content": "Every problem has a gift for you in its hands.",
            "author": "Richard Bach"
        },
        {
            "_id": "o8Xc7pO8Y1aD",
            "content": "The greatest minds are capable of the greatest vices as well as of the greatest virtues.",
            "author": "René Descartes"
        },
        {
            "_id": "T3WzgRWp0RNY",
            "content": "The world makes way for the man who knows where he is going.",
            "author": "Ralph Waldo Emerson"
        },
        {
            "_id": "J2QOuZPIiG",
            "content": "You are a product of your environment. So choose the environment that will best develop you toward your objective. Analyze your life in terms of its environment. Are the things around you helping you toward success - or are they holding you back?",
            "author": "W. Clement Stone"
        },
        {
            "_id": "ALcsEfDR7FL",
            "content": "The cautious seldom err.",
            "author": "Confucius"
        },
        {
            "_id": "q3SfzGZd2iGb",
            "content": "The most complicated achievements of thought are possible without the assistance of consciousness.",
            "author": "Sigmund Freud"
        },
        {
            "_id": "yr4loYMOP15w",
            "content": "As we express our gratitude, we must never forget that the highest appreciation is not to utter words, but to live by them.",
            "author": "John F. Kennedy"
        },
        {
            "_id": "SjSXV2RqMnq3",
            "content": "The greatest way to live with honor in this world is to be what we pretend to be.",
            "author": "Socrates"
        },
        {
            "_id": "O_jlFdjUtHPT",
            "content": "Every person, all the events of your life are there because you have drawn them there. What you choose to do with them is up to you.",
            "author": "Richard Bach"
        },
        {
            "_id": "tE2DJstE_-",
            "content": "Wisdom begins at the end.",
            "author": "Daniel Webster"
        },
        {
            "_id": "6Frokv7EPoui",
            "content": "Ignorant men don't know what good they hold in their hands until they've flung it away.",
            "author": "Sophocles"
        },
        {
            "_id": "LlHX1-JaSX4v",
            "content": "However many holy words you read, however many you speak, what good will they do you if you do not act on upon them?",
            "author": "Buddha"
        },
        {
            "_id": "dZewn83VJ8",
            "content": "Science gives us knowledge, but only philosophy can give us wisdom.",
            "author": "Will Durant"
        },
        {
            "_id": "HQNnn2x2Vc",
            "content": "A passion for politics stems usually from an insatiable need, either for power, or for friendship and adulation, or a combination of both.",
            "author": "Fawn M. Brodie"
        },
        {
            "_id": "yE-5JJkxPMwS",
            "content": "Be not angry that you cannot make others as you wish them to be, since you cannot make yourself as you wish to be.",
            "author": "Thomas à Kempis"
        },
        {
            "_id": "K_JAFGFr7CQ",
            "content": "No one can make you feel inferior without your consent.",
            "author": "Eleanor Roosevelt"
        },
        {
            "_id": "CFy490n4lo8g",
            "content": "Appreciation can make a day, even change a life. Your willingness to put it into words is all that is necessary.",
            "author": "Margaret Cousins"
        },
        {
            "_id": "puOWR0I5qnC",
            "content": "Much wisdom often goes with fewest words.",
            "author": "Sophocles"
        },
        {
            "_id": "qdu_n6bzzKdo",
            "content": "Joy is the best makeup.",
            "author": "Anne Lamott"
        },
        {
            "_id": "Me8_vxzeboS",
            "content": "There never was a good knife made of bad steel.",
            "author": "Benjamin Franklin"
        },
        {
            "_id": "x16CqiTuVRw2",
            "content": "I love my past. I love my present. Im not ashamed of what Ive had, and Im not sad because I have it no longer.",
            "author": "Colette"
        },
        {
            "_id": "z-6ZEcSbP",
            "content": "There is a difference between happiness and wisdom: he that thinks himself the happiest man is really so; but he that thinks himself the wisest is generally the greatest fool.",
            "author": "Francis Bacon"
        },
        {
            "_id": "cItDIql9UDZQ",
            "content": "To free us from the expectations of others, to give us back to ourselves... there lies the great, singular power of self-respect.",
            "author": "Joan Didion"
        },
        {
            "_id": "Ig8FLVp7MUGN",
            "content": "The power of intuitive understanding will protect you from harm until the end of your days.",
            "author": "Laozi"
        },
        {
            "_id": "nm0-EMpYdg",
            "content": "Never explain - your friends do not need it and your enemies will not believe you anyway.",
            "author": "Elbert Hubbard"
        },
        {
            "_id": "cfZn_tJRV_",
            "content": "Discipline is the bridge between goals and accomplishment.",
            "author": "Jim Rohn"
        },
        {
            "_id": "BGwOo6FZq3tH",
            "content": "It is not only for what we do that we are held responsible, but also for what we do not do.",
            "author": "Molière"
        },
        {
            "_id": "tSMhyFCDwuQ5",
            "content": "All difficult things have their origin in that which is easy, and great things in that which is small.",
            "author": "Laozi"
        },
        {
            "_id": "tfo24zWoAJ",
            "content": "It requires wisdom to understand wisdom: the music is nothing if the audience is deaf.",
            "author": "Walter Lippmann"
        },
        {
            "_id": "cJH-_m1_f0Um",
            "content": "So is cheerfulness, or a good temper, the more it is spent, the more remains.",
            "author": "Ralph Waldo Emerson"
        },
        {
            "_id": "1YXmyT1yhWU",
            "content": "Trust yourself. You know more than you think you do.",
            "author": "Benjamin Spock"
        },
        {
            "_id": "Tb-u26v47VO2",
            "content": "Never promise more than you can perform.",
            "author": "Publilius Syrus"
        },
        {
            "_id": "9rSuCtK9CCZk",
            "content": "Formula for success: under promise and over deliver.",
            "author": "Tom Peters"
        },
        {
            "_id": "8ZIDZ3CxrJUg",
            "content": "The only limit to our realization of tomorrow will be our doubts of today.",
            "author": "Franklin D. Roosevelt"
        },
        {
            "_id": "zbvj3SIQud",
            "content": "I think people who are creative are the luckiest people on earth. I know that there are no shortcuts, but you must keep your faith in something Greater than You, and keep doing what you love. Do what you love, and you will find the way to get it out to the world.",
            "author": "Judy Collins"
        },
        {
            "_id": "KBk2VabfrRne",
            "content": "The possibilities are numerous once we decide to act and not react.",
            "author": "George Bernard Shaw"
        },
        {
            "_id": "EGX58vRmwZac",
            "content": "It is better to have enough ideas for some of them to be wrong, than to be always right by having no ideas at all.",
            "author": "Edward de Bono"
        },
        {
            "_id": "Chvu_626SS",
            "content": "The most I can do for my friend is simply be his friend.",
            "author": "Henry David Thoreau"
        },
        {
            "_id": "gWSsNulTG-B",
            "content": "Every one in the world ought to do the things for which he is specially adapted. It is the part of wisdom to recognize what each one of us is best fitted for, and it is the part of education to perfect and utilize such predispositions. Because education can direct and aid nature but can never transform her.",
            "author": "Maria Montessori"
        },
        {
            "_id": "4eekGH2qL80L",
            "content": "He who lives in harmony with himself lives in harmony with the world.",
            "author": "Marcus Aurelius"
        },
        {
            "_id": "q8nzpiYM7R5W",
            "content": "The first requisite for success is the ability to apply your physical and mental energies to one problem incessantly without growing weary.",
            "author": "Thomas Edison"
        },
        {
            "_id": "mnFoWZfga9OZ",
            "content": "Go for it now. The future is promised to no one.",
            "author": "Wayne Dyer"
        },
        {
            "_id": "oWZdsMNhOx",
            "content": "To wear your heart on your sleeve isn't a very good plan; you should wear it inside, where it functions best.",
            "author": "Margaret Thatcher"
        },
        {
            "_id": "eobAW2Ou0",
            "content": "You win the victory when you yield to friends.",
            "author": "Sophocles"
        },
        {
            "_id": "3x87VqS_qvus",
            "content": "He that never changes his opinions, never corrects his mistakes, and will never be wiser on the morrow than he is today.",
            "author": "Tryon Edwards"
        },
        {
            "_id": "xzOfgffA_i4K",
            "content": "Not what we have but what we enjoy constitutes our abundance.",
            "author": "Jean Antoine Petit-Senn"
        },
        {
            "_id": "47RkLdME26",
            "content": "Never tell people how to do things. Tell them what to do and they will surprise you with their ingenuity.",
            "author": "George S. Patton"
        },
        {
            "_id": "rypL5kmdIg8",
            "content": "A really great talent finds its happiness in execution.",
            "author": "Johann Wolfgang von Goethe"
        },
        {
            "_id": "gfTHZTAshWP",
            "content": "Wisdom comes alone through suffering.",
            "author": "Aeschylus"
        },
        {
            "_id": "HxaMW05ghs7P",
            "content": "Every time you smile at someone, it is an action of love, a gift to that person, a beautiful thing.",
            "author": "Mother Teresa"
        },
        {
            "_id": "NrhUkykn4F",
            "content": "Marriage: A friendship recognized by the police.",
            "author": "Robert Louis Stevenson"
        },
        {
            "_id": "OHNMF1vCnPFE",
            "content": "If I am not for myself, who will be for me? If I am not for others, what am I? And if not now, when?",
            "author": "Rabbi Hillel"
        },
        {
            "_id": "ncgMsMKJiBiN",
            "content": "If you aren't going all the way, why go at all?",
            "author": "Joe Namath"
        },
        {
            "_id": "em8Skf5_TYmL",
            "content": "To go against the dominant thinking of your friends, of most of the people you see every day, is perhaps the most difficult act of heroism you can perform.",
            "author": "Theodore H. White"
        },
        {
            "_id": "_XB2MKPzW7dA",
            "content": "Success is not the key to happiness. Happiness is the key to success. If you love what you are doing, you will be successful.",
            "author": "Albert Schweitzer"
        },
        {
            "_id": "cOGCuuIf9q_V",
            "content": "Always remember that you are absolutely unique. Just like everyone else.",
            "author": "Margaret Mead"
        },
        {
            "_id": "F3KNJ0FPy",
            "content": "If you have the guts to keep making mistakes, your wisdom and intelligence leap forward with huge momentum.",
            "author": "Holly Near"
        },
        {
            "_id": "4zLW-um1544g",
            "content": "Success in business requires training and discipline and hard work. But if you're not frightened by these things, the opportunities are just as great today as they ever were.",
            "author": "David Rockefeller"
        },
        {
            "_id": "RQP0o_Ze99D",
            "content": "No man was ever wise by chance.",
            "author": "Seneca the Younger"
        },
        {
            "_id": "oKk8MCHpwgsK",
            "content": "Nothing ever goes away until it has taught us what we need to know.",
            "author": "Pema Chödrön"
        },
        {
            "_id": "44zDEFUKvm",
            "content": "The more man meditates upon good thoughts, the better will be his world and the world at large.",
            "author": "Confucius"
        },
        {
            "_id": "xH7XN__m5y",
            "content": "We can only learn to love by loving.",
            "author": "Iris Murdoch"
        },
        {
            "_id": "22bmCfi_RKD9",
            "content": "The only thing to do with good advice is to pass it on. It is never of any use to oneself.",
            "author": "Oscar Wilde"
        },
        {
            "_id": "Hgj3O0h_R0",
            "content": "Our shared values define us more than our differences. And acknowledging those shared values can see us through our challenges today if we have the wisdom to trust in them again.",
            "author": "John McCain"
        },
        {
            "_id": "kbd0ItzHwGdq",
            "content": "If you change the way you look at things, the things you look at change.",
            "author": "Wayne Dyer"
        },
        {
            "_id": "77ZqNwl8aoR4",
            "content": "There are two kinds of failures: those who thought and never did, and those who did and never thought.",
            "author": "Laurence J. Peter"
        },
        {
            "_id": "lZ8sFKiGiC",
            "content": "If you don't know where you are going, any road will get you there.",
            "author": "Lewis Carroll"
        },
        {
            "_id": "dEyIaoXFto_A",
            "content": "Happiness is a perfume you cannot pour on others without getting a few drops on yourself.",
            "author": "Ralph Waldo Emerson"
        },
        {
            "_id": "7I1NygyqFe",
            "content": "Wisdom is found only in truth.",
            "author": "Johann Wolfgang von Goethe"
        },
        {
            "_id": "PYnVkG4UQGH7",
            "content": "There is nothing on this earth more to be prized than true friendship.",
            "author": "Thomas Aquinas"
        },
        {
            "_id": "RvqpnaFvABIY",
            "content": "To get the full value of joy you must have someone to divide it with.",
            "author": "Mark Twain"
        },
        {
            "_id": "aNE_rvppMD",
            "content": "The art of storytelling is reaching its end because the epic side of truth, wisdom, is dying out.",
            "author": "Walter Benjamin"
        },
        {
            "_id": "ITSWNEMYeJ2",
            "content": "Our distrust is very expensive.",
            "author": "Ralph Waldo Emerson"
        },
        {
            "_id": "2wYjTZiTUSgQ",
            "content": "The things that one most wants to do are the things that are probably most worth doing.",
            "author": "Winifred Holtby"
        },
        {
            "_id": "EgCOqrOa1",
            "content": "Learning is the beginning of wealth. Learning is the beginning of health. Learning is the beginning of spirituality. Searching and learning is where the miracle process all begins.",
            "author": "Jim Rohn"
        },
        {
            "_id": "e_gTr6YjsaRE",
            "content": "First say to yourself what you would be; and then do what you have to do.",
            "author": "Epictetus"
        },
        {
            "_id": "xiz-AuLNow5",
            "content": "When you doubt your power, you give power to your doubt.",
            "author": "Honoré de Balzac"
        },
        {
            "_id": "0Fu_lJzNXJj1",
            "content": "It is not so important to know everything as to appreciate what we learn.",
            "author": "Hannah More"
        },
        {
            "_id": "BPH3iUjq75e",
            "content": "Keep yourself to the sunshine and you cannot see the shadow.",
            "author": "Helen Keller"
        },
        {
            "_id": "UGTlczrORBij",
            "content": "Nobody made a greater mistake than he who did nothing because he could do only a little.",
            "author": "Edmund Burke"
        },
        {
            "_id": "__MSA1A1By9u",
            "content": "The foolish man seeks happiness in the distance, the wise grows it under his feet.",
            "author": "James Oppenheim"
        },
        {
            "_id": "1fFK-Xgvy5",
            "content": "There is no friendship, no love, like that of the parent for the child.",
            "author": "Henry Ward Beecher"
        },
        {
            "_id": "999oXJVcS_I_",
            "content": "Begin, be bold, and venture to be wise.",
            "author": "Horace"
        },
        {
            "_id": "h1Eu15cySGn7",
            "content": "A true friend is the most precious of all possessions and the one we take the least thought about acquiring.",
            "author": "François de La Rochefoucauld"
        },
        {
            "_id": "Fyet-MEuSrkD",
            "content": "Our greatness lies not so much in being able to remake the world as being able to remake ourselves.",
            "author": "Mahatma Gandhi"
        },
        {
            "_id": "fdSsJN4RCf",
            "content": "It is impossible to love and to be wise.",
            "author": "Francis Bacon"
        },
        {
            "_id": "q_cFcKHlt5",
            "content": "The sincere friends of this world are as ship lights in the stormiest of nights.",
            "author": "Giotto"
        },
        {
            "_id": "jUzHSANe7yNC",
            "content": "He that respects himself is safe from others; he wears a coat of mail that none can pierce.",
            "author": "Henry Wadsworth Longfellow"
        },
        {
            "_id": "38EIHUXkkhc",
            "content": "To bring anything into your life, imagine that it's already there.",
            "author": "Richard Bach"
        },
        {
            "_id": "kS2H14WhWSor",
            "content": "The thought manifests as the word. The word manifests as the deed. The deed develops into habit. And the habit hardens into character.",
            "author": "Buddha"
        },
        {
            "_id": "NoaRFCJNzT",
            "content": "So much technology, so little talent.",
            "author": "Vernor Vinge"
        },
        {
            "_id": "3BOQbdqBbzOd",
            "content": "Do not follow where the path may lead. Go, instead, where there is no path and leave a trail.",
            "author": "Ralph Waldo Emerson"
        },
        {
            "_id": "KziYFsZxdD",
            "content": "True friendship multiplies the good in life and divides its evils. Strive to have friends, for life without friends is like life on a desert island... to find one real friend in a lifetime is good fortune; to keep him is a blessing.",
            "author": "Baltasar Gracián"
        },
        {
            "_id": "_PqXIxnDlx",
            "content": "Mistakes are the usual bridge between inexperience and wisdom.",
            "author": "Phyllis Grissim-Theroux"
        },
        {
            "_id": "QZoT0w8MRyc_",
            "content": "Those who dare to fail miserably can achieve greatly.",
            "author": "John F. Kennedy"
        },
        {
            "_id": "OrbTAJYtKCXr",
            "content": "Until you value yourself, you won't value your time. Until you value your time, you won't do anything with it.",
            "author": "M. Scott Peck"
        },
        {
            "_id": "mi54WW7d_b",
            "content": "The road of excess leads to the palace of wisdom.",
            "author": "William Blake"
        },
        {
            "_id": "_1lzYCBjMDlC",
            "content": "When we feel love and kindness toward others, it not only makes others feel loved and cared for, but it helps us also to develop inner happiness and peace.",
            "author": "Dalai Lama"
        },
        {
            "_id": "ZKfOV0UwuugV",
            "content": "And as we let our own light shine, we unconsciously give other people permission to do the same.",
            "author": "Nelson Mandela"
        },
        {
            "_id": "VCPz7eYRbDs9",
            "content": "No act of kindness, no matter how small, is ever wasted.",
            "author": "Aesop"
        },
        {
            "_id": "0SOLhFe3M9-l",
            "content": "We aim above the mark to hit the mark.",
            "author": "Ralph Waldo Emerson"
        },
        {
            "_id": "Xgdo3uU5rey",
            "content": "Do something wonderful, people may imitate it.",
            "author": "Albert Schweitzer"
        },
        {
            "_id": "xEYjoxqQhRfC",
            "content": "A man is great by deeds, not by birth.",
            "author": "Chanakya"
        },
        {
            "_id": "r2EnGdx5HG",
            "content": "It has become appallingly obvious that our technology has exceeded our humanity.",
            "author": "Albert Einstein"
        },
        {
            "_id": "JkGCNZF9ISSN",
            "content": "Most of the shadows of life are caused by standing in our own sunshine.",
            "author": "Ralph Waldo Emerson"
        },
        {
            "_id": "pYR1eRWM7yT4",
            "content": "Know that although in the eternal scheme of things you are small, you are also unique and irreplaceable, as are all your fellow humans everywhere in the world.",
            "author": "Margaret Laurence"
        },
        {
            "_id": "QGY0TiFjpdj2",
            "content": "When I dare to be powerful, to use my strength in the service of my vision, then it becomes less and less important whether I am afraid.",
            "author": "Audre Lorde"
        },
        {
            "_id": "6dj60GUobqhK",
            "content": "Think for yourselves and let others enjoy the privilege to do so too.",
            "author": "Voltaire"
        },
        {
            "_id": "ueyq9zjTg9Rb",
            "content": "Every gift from a friend is a wish for your happiness.",
            "author": "Richard Bach"
        },
        {
            "_id": "5UL7N8Q2QEH1",
            "content": "There are two primary choices in life: to accept conditions as they exist, or accept responsibility for changing them.",
            "author": "Denis Waitley"
        },
        {
            "_id": "vbTwRyX9uu",
            "content": "Genius unrefined resembles a flash of lightning, but wisdom is like the sun.",
            "author": "Franz Grillparzer"
        },
        {
            "_id": "HQmAwGraUV",
            "content": "Tragedy is a tool for the living to gain wisdom, not a guide by which to live.",
            "author": "Robert F. Kennedy"
        },
        {
            "_id": "6vrEW1dd1Q",
            "content": "He who is taught to live upon little owes more to his father's wisdom than he who has a great deal left him does to his father's care.",
            "author": "William C. Menninger"
        },
        {
            "_id": "aJ-kdYIolJ8-",
            "content": "Accept challenges, so that you may feel the exhilaration of victory.",
            "author": "George S. Patton"
        },
        {
            "_id": "-0DZUCVFcb",
            "content": "Friendship is Love without his wings!",
            "author": "Lord Byron"
        },
        {
            "_id": "AUGTBH2V__b",
            "content": "True friends stab you in the front.",
            "author": "Oscar Wilde"
        },
        {
            "_id": "R7wXqieTTo",
            "content": "Value your friendship. Value your relationships.",
            "author": "Barbara Bush"
        },
        {
            "_id": "ST-c8lhICwVj",
            "content": "There is never enough time to do everything, but there is always enough time to do the most important thing.",
            "author": "Brian Tracy"
        },
        {
            "_id": "VsarQ0iEgE1",
            "content": "Life isn't about finding yourself. Life is about creating yourself.",
            "author": "Bernard Shaw"
        },
        {
            "_id": "S5Id5SJmu6Jp",
            "content": "No one has a finer command of language than the person who keeps his mouth shut.",
            "author": "Sam Rayburn"
        },
        {
            "_id": "n1CKSLhX-iSp",
            "content": "All that is necessary is to accept the impossible, do without the indispensable, and bear the intolerable.",
            "author": "Kathleen Norris"
        },
        {
            "_id": "oAtERLD0yyQR",
            "content": "He who knows, does not speak. He who speaks, does not know.",
            "author": "Laozi"
        },
        {
            "_id": "WQbJJwEFP1l9",
            "content": "In the depth of winter, I finally learned that there was within me an invincible summer.",
            "author": "Albert Camus"
        },
        {
            "_id": "smwaq6O8Hk",
            "content": "You can always tell a real friend: when you've made a fool of yourself he doesn't feel you've done a permanent job.",
            "author": "Laurence J. Peter"
        },
        {
            "_id": "obE41Svazc",
            "content": "True knowledge exists in knowing that you know nothing.",
            "author": "Isocrates"
        },
        {
            "_id": "2a7xKeQ1JWGy",
            "content": "To keep the body in good health is a duty... otherwise we shall not be able to keep our mind strong and clear.",
            "author": "Buddha"
        },
        {
            "_id": "xwABJFIJQVwW",
            "content": "We need to find the courage to say NO to the things and people that are not serving us if we want to rediscover ourselves and live our lives with authenticity.",
            "author": "Barbara De Angelis"
        },
        {
            "_id": "XdeBIvTg0D",
            "content": "Be the chief but never the lord.",
            "author": "Laozi"
        },
        {
            "_id": "JfTBllGjt7L",
            "content": "Love all, trust a few, do wrong to none.",
            "author": "William Shakespeare"
        },
        {
            "_id": "OSaopvW0IUd",
            "content": "The more you know yourself, the more you forgive yourself.",
            "author": "Confucius"
        },
        {
            "_id": "nx2M9kL0EgcI",
            "content": "Do good by stealth, and blush to find it fame.",
            "author": "Alexander Pope"
        },
        {
            "_id": "3E7C0r4EhlHT",
            "content": "Build a better mousetrap and the world will beat a path to your door.",
            "author": "Ralph Waldo Emerson"
        },
        {
            "_id": "z-hDjBf4spF-",
            "content": "Make the most of yourself, for that is all there is of you.",
            "author": "Ralph Waldo Emerson"
        },
        {
            "_id": "r8LdcYbz3s_",
            "content": "In wisdom gathered over time I have found that every experience is a form of exploration.",
            "author": "Ansel Adams"
        },
        {
            "_id": "dO8CMrZCBgBw",
            "content": "Chance is always powerful. Let your hook be always cast; in the pool where you least expect it, there will be a fish.",
            "author": "Ovid"
        },
        {
            "_id": "Vs-4YEGn",
            "content": "I can, therefore I am.",
            "author": "Simone Weil"
        },
        {
            "_id": "A1JTIXKBd-S",
            "content": "The only real valuable thing is intuition.",
            "author": "Albert Einstein"
        },
        {
            "_id": "N9BhgsYxSz",
            "content": "Some people go to priests; others to poetry; I to my friends.",
            "author": "Virginia Woolf"
        },
        {
            "_id": "OSF3eMB6sZaP",
            "content": "Liberty, taking the word in its concrete sense, consists in the ability to choose.",
            "author": "Simone Weil"
        },
        {
            "_id": "uXHzy3qRhoCy",
            "content": "If we are not fully ourselves, truly in the present moment, we miss everything.",
            "author": "Thích Nhất Hạnh"
        },
        {
            "_id": "N3YI0c4c6TR",
            "content": "I allow my intuition to lead my path.",
            "author": "Manuel Puig"
        },
        {
            "_id": "6c2h-AtqMj6d",
            "content": "You can stand tall without standing on someone. You can be a victor without having victims.",
            "author": "Harriet Woods"
        },
        {
            "_id": "puEMvYGsD",
            "content": "Loyalty and friendship, which is to me the same, created all the wealth that I've ever thought I'd have.",
            "author": "Ernie Banks"
        },
        {
            "_id": "z56LpsUqHr",
            "content": "Wisdom is oftentimes nearer when we stoop than when we soar.",
            "author": "William Wordsworth"
        },
        {
            "_id": "_ZVJWv9HJsBe",
            "content": "Whoever is happy will make others happy, too.",
            "author": "Mark Twain"
        },
        {
            "_id": "ARKzsqVpFY",
            "content": "Two persons cannot long be friends if they cannot forgive each other's little failings.",
            "author": "Jean de La Bruyère"
        },
        {
            "_id": "je7UytrRlH-0",
            "content": "The supreme art of war is to subdue the enemy without fighting.",
            "author": "Sun Tzu"
        },
        {
            "_id": "m29XGLtQho",
            "content": "Programs must be written for people to read, and only incidentally for machines to execute.",
            "author": "Hal Abelson"
        },
        {
            "_id": "JjBqM4t-sxsr",
            "content": "Wise men talk because they have something to say; fools, because they have to say something.",
            "author": "Plato"
        },
        {
            "_id": "K1iJC1T4pDf",
            "content": "I believe that we are fundamentally the same and have the same basic potential.",
            "author": "Dalai Lama"
        },
        {
            "_id": "Rp9oE96Hqv9j",
            "content": "Cherish your visions and your dreams as they are the children of your soul; the blueprints of your ultimate achievements.",
            "author": "Napoleon Hill"
        },
        {
            "_id": "Mv26be7c-4_i",
            "content": "Everything that irritates us about others can lead us to a better understanding of ourselves.",
            "author": "Carl Jung"
        },
        {
            "_id": "w_JEQv9o4sF",
            "content": "The truest wisdom is a resolute determination.",
            "author": "Napoleon"
        },
        {
            "_id": "xD83G0bc53Gp",
            "content": "All men have a sweetness in their life. That is what helps them go on. It is towards that they turn when they feel too worn out.",
            "author": "Albert Camus"
        },
        {
            "_id": "xqpuo_rjf_1g",
            "content": "To dare is to lose ones footing momentarily. To not dare is to lose oneself.",
            "author": "Søren Kierkegaard"
        },
        {
            "_id": "gXJa2hBwIpVh",
            "content": "Arriving at one point is the starting point to another.",
            "author": "John Dewey"
        },
        {
            "_id": "9knYf-nVYu10",
            "content": "The least of things with a meaning is worth more in life than the greatest of things without it.",
            "author": "Carl Jung"
        },
        {
            "_id": "i5NVHAIzPDWa",
            "content": "The awareness of our own strength makes us modest.",
            "author": "Paul Cézanne"
        },
        {
            "_id": "-LwlAMmYmOG",
            "content": "Kind words do not cost much. Yet they accomplish much.",
            "author": "Blaise Pascal"
        },
        {
            "_id": "WsswXPIbtq1p",
            "content": "To hell with circumstances; I create opportunities.",
            "author": "Bruce Lee"
        },
        {
            "_id": "nFRdjQdGL4v5",
            "content": "Love is never lost. If not reciprocated, it will flow back and soften and purify the heart.",
            "author": "Washington Irving"
        },
        {
            "_id": "UNkrqEJixcvb",
            "content": "You must welcome change as the rule but not as your ruler.",
            "author": "Denis Waitley"
        },
        {
            "_id": "tSVLiDTGay4S",
            "content": "Love cures people - both the ones who give it and the ones who receive it.",
            "author": "Karl Menninger"
        },
        {
            "_id": "qaVA31y0GA1Q",
            "content": "Opportunity often comes disguised in the form of misfortune, or temporary defeat.",
            "author": "Napoleon Hill"
        },
        {
            "_id": "5xt93w4ql_UM",
            "content": "Never idealize others. They will never live up to your expectations.",
            "author": "Leo Buscaglia"
        },
        {
            "_id": "WuHLOLFI2uKy",
            "content": "To be aware of a single shortcoming in oneself is more useful than to be aware of a thousand in someone else.",
            "author": "Dalai Lama"
        },
        {
            "_id": "UQ2TjZ5IIDSR",
            "content": "Anyone who doesn't take truth seriously in small matters cannot be trusted in large ones either.",
            "author": "Albert Einstein"
        },
        {
            "_id": "bhseVu9PSh1I",
            "content": "Accept the things to which fate binds you, and love the people with whom fate brings you together, but do so with all your heart.",
            "author": "Marcus Aurelius"
        },
        {
            "_id": "JqusXYQEGNPC",
            "content": "Do you want to know who you are? Don't ask. Act! Action will delineate and define you.",
            "author": "Thomas Jefferson"
        },
        {
            "_id": "bkL1a4IExc",
            "content": "Motivation is the art of getting people to do what you want them to do because they want to do it.",
            "author": "Dwight D. Eisenhower"
        },
        {
            "_id": "x6LCvKtrXx",
            "content": "All love that has not friendship for its base, is like a mansion built upon the sand.",
            "author": "Ella Wheeler Wilcox"
        },
        {
            "_id": "mjKwHGRjIE",
            "content": "The more you like yourself, the less you are like anyone else, which makes you unique.",
            "author": "Walt Disney"
        },
        {
            "_id": "S47CRwtgyIsp",
            "content": "Constant kindness can accomplish much. As the sun makes ice melt, kindness causes misunderstanding, mistrust, and hostility to evaporate.",
            "author": "Albert Schweitzer"
        },
        {
            "_id": "oM0UB2sH4t",
            "author": "William Shakespeare",
            "content": "Action is eloquence!"
        },
        {
            "_id": "305CvwuKqye",
            "content": "The heart has its reasons which reason knows not of.",
            "author": "Blaise Pascal"
        },
        {
            "_id": "yZ1f2VZoK93Z",
            "content": "Good people are good because they've come to wisdom through failure. We get very little wisdom from success, you know.",
            "author": "William Saroyan"
        },
        {
            "_id": "SDhP8UAmtD09",
            "content": "If you're walking down the right path and you're willing to keep walking, eventually you'll make progress.",
            "author": "Barack Obama"
        },
        {
            "_id": "xDhw8-7y3p",
            "content": "Do not wait; the time will never be 'just right.' Start where you stand, and work with whatever tools you may have at your command, and better tools will be found as you go along.",
            "author": "George Herbert"
        },
        {
            "_id": "KJhB_lkgrbPa",
            "content": "It is better to understand a little than to misunderstand a lot.",
            "author": "Anatole France"
        },
        {
            "_id": "yCY2q20UK4Uf",
            "content": "Let us sacrifice our today so that our children can have a better tomorrow.",
            "author": "A. P. J. Abdul Kalam"
        },
        {
            "_id": "yBn9DgK3vf",
            "content": "A youth, when at home, should be filial and, abroad, respectful to his elders. He should be earnest and truthful. He should overflow in love to all and cultivate the friendship of the good. When he has time and opportunity, after the performance of these things, he should employ them in polite studies.",
            "author": "Confucius"
        },
        {
            "_id": "gZavCRsLqcse",
            "content": "I love you the more in that I believe you had liked me for my own sake and for nothing else.",
            "author": "John Keats"
        },
        {
            "_id": "auaOSkmWy91",
            "content": "Read as you taste fruit or savor wine, or enjoy friendship, love or life.",
            "author": "George Herbert"
        },
        {
            "_id": "D6Yr5I9ikXXc",
            "content": "If you do what you've always done, you'll get what youve always gotten.",
            "author": "Tony Robbins"
        },
        {
            "_id": "OCgCMtjcY3HJ",
            "content": "Respect should be earned by actions, and not acquired by years.",
            "author": "Frank Lloyd Wright"
        },
        {
            "_id": "JP0Z6kpYem0y",
            "content": "Bodily exercise, when compulsory, does no harm to the body; but knowledge which is acquired under compulsion obtains no hold on the mind.",
            "author": "Plato"
        },
        {
            "_id": "_6z2BhrSP8hw",
            "content": "Do not be too timid and squeamish about your reactions. All life is an experiment. The more experiments you make the better.",
            "author": "Ralph Waldo Emerson"
        },
        {
            "_id": "DiIyvrMPCZUK",
            "content": "The universe is full of magical things, patiently waiting for our wits to grow sharper.",
            "author": "Eden Phillpotts"
        },
        {
            "_id": "4zV5Pz4HES",
            "content": "Where is the Life we have lost in living? Where is the wisdom we have lost in knowledge? Where is the knowledge we have lost in information?",
            "author": "George Eliot"
        },
        {
            "_id": "qGMGUH1ric",
            "content": "Friendship is always a sweet responsibility, never an opportunity.",
            "author": "Kahlil Gibran"
        },
        {
            "_id": "QLHIDLCkdjB",
            "content": "The winds and waves are always on the side of the ablest navigators.",
            "author": "Edward Gibbon"
        },
{
            "_id": "WJ5c36Guag1",
            "content": "I will give you a definition of a proud man: he is a man who has neither vanity nor wisdom one filled with hatreds cannot be vain, neither can he be wise.",
            "author": "John Keats"
        },
        {
            "_id": "GwbIPJqtzp",
            "content": "Wisdom has never made a bigot, but learning has.",
            "author": "Josh Billings"
        },
        {
            "_id": "TLfamqFncI8p",
            "content": "There are no failures. Just experiences and your reactions to them.",
            "author": "Tom Krause"
        },
        {
            "_id": "1YubdPwZ3e",
            "content": "It is good even for old men to learn wisdom.",
            "author": "Aeschylus"
        },
        {
            "_id": "fjzdxv7x2mJd",
            "content": "For every failure, there's an alternative course of action. You just have to find it. When you come to a roadblock, take a detour.",
            "author": "Mary Kay Ash"
        },
        {
            "_id": "Z_czr8xado",
            "content": "Logic is the beginning of wisdom, not the end.",
            "author": "Leonard Nimoy"
        },
        {
            "_id": "0PnL1GPc2muX",
            "content": "The greatest good you can do for another is not just share your riches, but reveal to them their own.",
            "author": "Benjamin Disraeli"
        },
        {
            "_id": "u5VbhYCVo5Jz",
            "content": "I cannot give you the formula for success, but I can give you the formula for failure: which is: Try to please everybody.",
            "author": "Herbert Bayard Swope"
        },
        {
            "_id": "BsZbjg9hrAVI",
            "content": "If you seek truth you will not seek victory by dishonourable means, and if you find truth you will become invincible.",
            "author": "Epictetus"
        },
        {
            "_id": "c6xalG3uXL4n",
            "content": "Imagination is the living power and prime agent of all human perception.",
            "author": "Samuel Taylor Coleridge"
        },
        {
            "_id": "Q0q53LrtbHm0",
            "content": "Those that know, do. Those that understand, teach.",
            "author": "Aristotle"
        },
        {
            "_id": "ComoDwgAEY2",
            "content": "Good timber does not grow with ease; the stronger the wind, the stronger the trees.",
            "author": "J. Willard Marriott"
        },
        {
            "_id": "Dqqwo96Tximg",
            "content": "A man may fulfil the object of his existence by asking a question he cannot answer, and attempting a task he cannot achieve.",
            "author": "Oliver Wendell Holmes Jr."
        },
        {
            "_id": "V7HF0nCuOodn",
            "content": "Gratitude makes sense of our past, brings peace for today, and creates a vision for tomorrow.",
            "author": "Melody Beattie"
        },
        {
            "_id": "ISX_zfx8abzc",
            "content": "There is no duty we so underrate as the duty of being happy. By being happy we sow anonymous benefits upon the world.",
            "author": "Robert Louis Stevenson"
        },
        {
            "_id": "6Kl3UT6ULk",
            "content": "Wisdom, compassion, and courage are the three universally recognized moral qualities of men.",
            "author": "Confucius"
        },
        {
            "_id": "0FJtHaraIRKe",
            "content": "We shall never know all the good that a simple smile can do.",
            "author": "Mother Teresa"
        },
        {
            "_id": "h3vqfIeuhcho",
            "content": "The best thing in every noble dream is the dreamer...",
            "author": "Moncure D. Conway"
        },
        {
            "_id": "hUUF65Y82g7",
            "content": "Life shrinks or expands in proportion to one's courage.",
            "author": "Anaïs Nin"
        },
        {
            "_id": "y1RIkUSWFpl",
            "content": "The greatest remedy for anger is delay.",
            "author": "Seneca the Younger"
        },
        {
            "_id": "ehBmRJ9WwXKK",
            "content": "A garden is always a series of losses set against a few triumphs, like life itself.",
            "author": "May Sarton"
        },
        {
            "_id": "t7STDz8m6QIp",
            "content": "The wisest men follow their own direction.",
            "author": "Euripides"
        },
        {
            "_id": "lvcJukDLhxz3",
            "content": "The difference between what we do and what we are capable of doing would suffice to solve most of the worlds problems.",
            "author": "Mahatma Gandhi"
        },
        {
            "_id": "COOYD278-JAr",
            "content": "The superior man is modest in his speech, but exceeds in his actions.",
            "author": "Confucius"
        },
        {
            "_id": "XQKtTxtLnshu",
            "content": "Change will not come if we wait for some other person or some other time. We are the ones we've been waiting for. We are the change that we seek.",
            "author": "Barack Obama"
        },
        {
            "_id": "IxrwsheO2w6",
            "content": "Wherever you go, go with all your heart.",
            "author": "Confucius"
        },
        {
            "_id": "g4URs5hS3Taq",
            "content": "A life spent making mistakes is not only more honourable, but more useful than a life spent doing nothing.",
            "author": "George Bernard Shaw"
        },
        {
            "_id": "IROEi_B-5kj",
            "content": "If you set out to be liked, you would be prepared to compromise on anything at any time, and you would achieve nothing.",
            "author": "Margaret Thatcher"
        },
        {
            "_id": "t3KpUGU3apks",
            "content": "Be like the flower, turn your face to the sun.",
            "author": "Kahlil Gibran"
        },
        {
            "_id": "N6l6bDDcBP",
            "content": "Friendship multiplies the good of life and divides the evil.",
            "author": "Baltasar Gracián"
        },
        {
            "_id": "SQxIxT9EoucK",
            "content": "Kindness is the golden chain by which society is bound together.",
            "author": "Johann Wolfgang von Goethe"
        },
        {
            "_id": "ay74-DkPYiOq",
            "content": "Sometimes your joy is the source of your smile, but sometimes your smile can be the source of your joy.",
            "author": "Thích Nhất Hạnh"
        },
        {
            "_id": "amF1FDsLD6",
            "content": "A friend is someone who gives you total freedom to be yourself.",
            "author": "Jim Morrison"
        },
        {
            "_id": "eWtR9nXnZ",
            "content": "Do the difficult things while they are easy and do the great things while they are small. A journey of a thousand miles must begin with a single step.",
            "author": "Laozi"
        },
        {
            "_id": "VHFFYD5KcXN6",
            "content": "I have done my best: that is about all the philosophy of living one needs.",
            "author": "Lin Yutang"
        },
        {
            "_id": "oQnbzQ_W0gJS",
            "content": "Never mistake motion for action.",
            "author": "Ernest Hemingway"
        },
        {
            "_id": "8IyWC1hl--Je",
            "content": "You, yourself, as much as anybody in the entire universe, deserve your love and affection.",
            "author": "Buddha"
        },
        {
            "_id": "8TXdurkixxgm",
            "content": "Ask yourself the secret of your success. Listen to your answer, and practice it.",
            "author": "Richard Bach"
        },
        {
            "_id": "-ZfnGHueyp",
            "content": "Give me a lever long enough and a fulcrum on which to place it, and I shall move the world.",
            "author": "Archimedes"
        },
        {
            "_id": "NN3kZRTt4V",
            "content": "Holy wisdom confounds Satan and all his wickednesses.",
            "author": "Francis of Assisi"
        },
        {
            "_id": "0I3MzxBI2Cyo",
            "content": "Life is a succession of lessons, which must be lived to be understood.",
            "author": "Ralph Waldo Emerson"
        },
        {
            "_id": "x4gbVTU0f3TW",
            "content": "The only limit to your impact is your imagination and commitment.",
            "author": "Tony Robbins"
        },
        {
            "_id": "R80GBolDfAev",
            "content": "Life is like a sewer. What you get out of it depends on what you put into it.",
            "author": "Tom Lehrer"
        },
        {
            "_id": "D_S3tmLBb8",
            "content": "A man must be big enough to admit his mistakes, smart enough to profit from them, and strong enough to correct them.",
            "author": "John C. Maxwell"
        },
        {
            "_id": "p8BRVIq75p-D",
            "content": "If you have made mistakes, there is always another chance for you. You may have a fresh start any moment you choose.",
            "author": "Mary Pickford"
        },
        {
            "_id": "ahrACwvb84Z4",
            "content": "I want you to be everything that's you, deep at the center of your being.",
            "author": "Confucius"
        },
        {
            "_id": "-DUavsjRcctX",
            "content": "Can you imagine what I would do if I could do all I can?",
            "author": "Sun Tzu"
        },
        {
            "_id": "MFFCMyuycWf",
            "content": "May our hearts garden of awakening bloom with hundreds of flowers.",
            "author": "Thích Nhất Hạnh"
        },
        {
            "_id": "u80cGRXHeCeH",
            "content": "When you see a good person, think of becoming like him. When you see someone not so good, reflect on your own weak points.",
            "author": "Confucius"
        },
        {
            "_id": "qgRPI2mMJRZv",
            "content": "A man who doesn't trust himself can never really trust anyone else.",
            "author": "Jean François Paul de Gondi"
        },
        {
            "_id": "H_FnIEJXHrGU",
            "content": "When you dance, your purpose is not to get to a certain place on the floor. It's to enjoy each step along the way.",
            "author": "Wayne Dyer"
        },
        {
            "_id": "AKE0_H6LR05G",
            "content": "Our lives are a sum total of the choices we have made.",
            "author": "Wayne Dyer"
        },
        {
            "_id": "eJ2Odi1UbNvj",
            "content": "It is on our failures that we base a new and different and better success.",
            "author": "Havelock Ellis"
        },
        {
            "_id": "gO2rEcTrwLo7",
            "content": "When fate hands us a lemon, lets try to make lemonade.",
            "author": "Dale Carnegie"
        },
        {
            "_id": "FO4v4ZdByU",
            "content": "A man cannot be said to succeed in this life who does not satisfy one friend.",
            "author": "Henry David Thoreau"
        },
        {
            "_id": "3Jk60HlbZFu9",
            "content": "Every great dream begins with a dreamer. Always remember, you have within you the strength, the patience, and the passion to reach for the stars to change the world.",
            "author": "Harriet Tubman"
        },
        {
            "_id": "0lnHVeiNr0un",
            "content": "They must often change, who would be constant in happiness or wisdom.",
            "author": "Confucius"
        },
        {
            "_id": "Ov1F2nueFuMN",
            "content": "Silence is a source of great strength.",
            "author": "Laozi"
        },
        {
            "_id": "Aya0eLpghjxG",
            "content": "The purpose of learning is growth, and our minds, unlike our bodies, can continue growing as we continue to live.",
            "author": "Mortimer J. Adler"
        },
        {
            "_id": "Qkl55U0twCr",
            "content": "Don't cry because it's over. Smile because it happened.",
            "author": "Dr. Seuss"
        },
        {
            "_id": "p3WMuYECz33S",
            "content": "The meaning I picked, the one that changed my life: Overcome fear, behold wonder.",
            "author": "Richard Bach"
        },
        {
            "_id": "yzPY72AXGkD",
            "content": "The cause is hidden. The effect is visible to all.",
            "author": "Ovid"
        },
        {
            "_id": "fAyIjkZePx",
            "content": "He who learns must suffer. And even in our sleep pain that cannot forget falls drop by drop upon the heart, and in our own despair, against our will, comes wisdom to us by the awful grace of God.",
            "author": "Aeschylus"
        },
        {
            "_id": "PnQ8g2gz_sY2",
            "content": "I never worry about action, but only inaction.",
            "author": "Winston Churchill"
        },
        {
            "_id": "SBqsC7DOKoC0",
            "content": "At the center of your being you have the answer; you know who you are and you know what you want.",
            "author": "Laozi"
        },
        {
            "_id": "ykXP-CFk_G",
            "content": "If you're trying to achieve, there will be roadblocks. I've had them; everybody has had them. But obstacles don't have to stop you. If you run into a wall, don't turn around and give up. Figure out how to climb it, go through it, or work around it.",
            "author": "Michael Jordan"
        },
        {
            "_id": "5lsIG8ZCgvy4",
            "content": "You will not be punished for your anger, you will be punished by your anger.",
            "author": "Buddha"
        },
        {
            "_id": "NcBJY-YJ58W",
            "content": "Problems are only opportunities with thorns on them.",
            "author": "Hugh Miller"
        },
        {
            "_id": "oyagVQRGL7",
            "content": "Forgiveness is that subtle thread that binds both love and friendship. Without forgiveness, you may not even have a child one day.",
            "author": "George Foreman"
        },
        {
            "_id": "NQwosr41uhx0",
            "content": "We cannot do everything at once, but we can do something at once.",
            "author": "Calvin Coolidge"
        },
        {
            "_id": "BLQOsYJz2jn1",
            "content": "Consider that not only do negative thoughts and emotions destroy our experience of peace, they also undermine our health.",
            "author": "Dalai Lama"
        },
        {
            "_id": "OawbCWOFWi",
            "content": "The doorstep to the temple of wisdom is a knowledge of our own ignorance.",
            "author": "Benjamin Franklin"
        },
        {
            "_id": "eulsh4ijgp",
            "content": "He is no fool who gives what he cannot keep to gain what he cannot lose.",
            "author": "Jim Elliot"
        },
        {
            "_id": "I8UvAqPYmS",
            "content": "Between saying and doing, many a pair of shoes is worn out.",
            "author": "Iris Murdoch"
        },
        {
            "_id": "AJB3CSbvVFm",
            "content": "If the shoe doesn't fit, must we change the foot?",
            "author": "Gloria Steinem"
        },
        {
            "_id": "yOGaxdDvToGD",
            "content": "When you come to the end of your rope, tie a knot and hang on.",
            "author": "Franklin D. Roosevelt"
        },
        {
            "_id": "1RmEkIqT9Cyn",
            "content": "Nothing is at last sacred but the integrity of your own mind.",
            "author": "Ralph Waldo Emerson"
        },
        {
            "_id": "_mOXeW2AnSF",
            "content": "One today is worth two tomorrows.",
            "author": "Benjamin Franklin"
        },
        {
            "_id": "GhOSPuEiMn",
            "content": "All of our technology is completely unnecessary to a happy life.",
            "author": "Tom Hodgkinson"
        },
        {
            "_id": "-wz9LjinT4y9",
            "content": "It is fatal to enter any war without the will to win it.",
            "author": "Douglas MacArthur"
        },
        {
            "_id": "y7YpPYyHzK6",
            "content": "Absence makes the heart grow fonder.",
            "author": "Thomas Haynes Bayly"
        },
        {
            "_id": "XlBqWMF7hx5z",
            "content": "When you judge another, you do not define them, you define yourself.",
            "author": "Wayne Dyer"
        },
        {
            "_id": "3qJt6fZmCanr",
            "content": "Setting an example is not the main means of influencing another, it is the only means.",
            "author": "Albert Einstein"
        },
        {
            "_id": "gwQJOur7lHXd",
            "content": "Always be mindful of the kindness and not the faults of others.",
            "author": "Buddha"
        },
        {
            "_id": "HuuK4BGIf2",
            "content": "Never reach out your hand unless you're willing to extend an arm.",
            "author": "Pope Paul VI"
        },
        {
            "_id": "UXR4urX1Deim",
            "content": "It's important to know that words don't move mountains. Work, exacting work moves mountains.",
            "author": "Danilo Dolci"
        },
        {
            "_id": "lO_ELfmBRTMq",
            "content": "You must do the things you think you cannot do.",
            "author": "Eleanor Roosevelt"
        },
        {
            "_id": "Yk5zlxPAS_M7",
            "content": "I hear and I forget. I see and I remember. I do and I understand.",
            "author": "Confucius"
        },
        {
            "_id": "VPGzjvTJI7Uj",
            "content": "All fixed set patterns are incapable of adaptability or pliability. The truth is outside of all fixed patterns.",
            "author": "Bruce Lee"
        },
        {
            "_id": "WD1Icqr-7J",
            "content": "True happiness arises, in the first place, from the enjoyment of one's self, and in the next, from the friendship and conversation of a few select companions.",
            "author": "Joseph Addison"
        },
        {
            "_id": "4AZF5nEIPN9",
            "content": "To succeed, we must first believe that we can.",
            "author": "Michael Korda"
        },
        {
            "_id": "t7L2YkK_2QWr",
            "content": "As you think, so shall you become.",
            "author": "Bruce Lee"
        },
        {
            "_id": "fXCc-Adzx2i5",
            "content": "The only real failure in life is not to be true to the best one knows.",
            "author": "Buddha"
        },
        {
            "_id": "2LmdIfvSmBlD",
            "content": "Before you put on a frown, make absolutely sure there are no smiles available.",
            "author": "James M. Beggs"
        },
        {
            "_id": "JBJV1OZ3ARcw",
            "content": "I have no special talent. I am only passionately curious.",
            "author": "Albert Einstein"
        },
        {
            "_id": "f1aZRYvKb7Ga",
            "content": "You have to do your own growing no matter how tall your grandfather was.",
            "author": "Abraham Lincoln"
        },
        {
            "_id": "Y_UmXWJD0al",
            "content": "Life is movement-we breathe, we eat, we walk, we move!",
            "author": "John Pierrakos"
        },
        {
            "_id": "y1yjB7RbU_Aq",
            "content": "Small opportunities are often the beginning of great enterprises.",
            "author": "Demosthenes"
        },
        {
            "_id": "CrSk004mchGX",
            "content": "What you do not want done to yourself, do not do to others.",
            "author": "Confucius"
        },
        {
            "_id": "IPv8r6n1dC",
            "content": "The smallest deed is better than the greatest intention.",
            "author": "John Burroughs"
        },
        {
            "_id": "TdIyDe0XX542",
            "content": "Learning without reflection is a waste, reflection without learning is dangerous.",
            "author": "Confucius"
        },
        {
            "_id": "kYh28vSUa2CE",
            "content": "Successful people ask better questions, and as a result, they get better answers.",
            "author": "Tony Robbins"
        },
        {
            "_id": "1crYPFXZKUuv",
            "content": "Blessed is the man who expects nothing, for he shall never be disappointed.",
            "author": "Alexander Pope"
        },
        {
            "_id": "4XsKZeLAUwZ6",
            "content": "Be not afraid of greatness: some are born great, some achieve greatness, and some have greatness thrust upon them.",
            "author": "William Shakespeare"
        },
        {
            "_id": "XxIfXFcublTz",
            "content": "Be faithful in small things because it is in them that your strength lies.",
            "author": "Mother Teresa"
        },
        {
            "_id": "c2crwHSzalPu",
            "content": "Difficulties are meant to rouse, not discourage. The human spirit is to grow strong by conflict.",
            "author": "William Ellery Channing"
        },
        {
            "_id": "82Ucdsd1amiC",
            "content": "Anybody can make history. Only a great man can write it.",
            "author": "Oscar Wilde"
        },
        {
            "_id": "iCcV8TjAAZ71",
            "content": "Doing what you love is the cornerstone of having abundance in your life.",
            "author": "Wayne Dyer"
        },
        {
            "_id": "hSxHK-iwap5",
            "content": "No alibi will save you from accepting the responsibility.",
            "author": "Napoleon Hill"
        },
        {
            "_id": "a7lEejDkHdFL",
            "content": "Everything you are against weakens you. Everything you are for empowers you.",
            "author": "Wayne Dyer"
        },
        {
            "_id": "zDV7RR6Y-wvZ",
            "content": "In a controversy the instant we feel anger we have already ceased striving for the truth, and have begun striving for ourselves.",
            "author": "Buddha"
        },
        {
            "_id": "mhBblBxFy-nH",
            "content": "The world is round and the place which may seem like the end may also be the beginning.",
            "author": "Ivy Baker Priest"
        },
        {
            "_id": "SPqg3-WqniZ",
            "content": "I'd rather regret the things I've done than regret the things I haven't done.",
            "author": "Lucille Ball"
        },
        {
            "_id": "b1idr5ua4wW",
            "content": "There is more wisdom in your body than in your deepest philosophy.",
            "author": "Friedrich Nietzsche"
        },
        {
            "_id": "MLmhf5Scxikl",
            "content": "Time stays long enough for anyone who will use it.",
            "author": "Leonardo da Vinci"
        },
        {
            "_id": "Aj1hWd83aS",
            "content": "It is only the great hearted who can be true friends. The mean and cowardly, Can never know what true friendship means.",
            "author": "Charles Kingsley"
        },
        {
            "_id": "APsci40ULi",
            "content": "Technology frightens me to death. It’s designed by engineers to impress other engineers. And they always come with instruction booklets that are written by engineers for other engineers — which is why almost no technology ever works.",
            "author": "John Cleese"
        },
        {
            "_id": "sKRDFZR86R5",
            "content": "I never see what has been done; I only see what remains to be done.",
            "author": "Marie Curie"
        },
        {
            "_id": "4gJgNXPzK5",
            "content": "Even if you're on the right track, you'll get run over if you just sit there.",
            "author": "Will Rogers"
        },
        {
            "_id": "RnCP5T-HzwbJ",
            "content": "If we had no winter, the spring would not be so pleasant; if we did not sometimes taste of adversity, prosperity would not be so welcome.",
            "author": "Anne Bradstreet"
        },
        {
            "_id": "IQyVmjKCY1",
            "content": "All human wisdom is summed up in two words; wait and hope.",
            "author": "Alexandre Dumas"
        },
        {
            "_id": "19XnsDE_kpQq",
            "content": "You cannot step twice into the same river, for other waters are continually flowing in.",
            "author": "Heraclitus"
        },
        {
            "_id": "kq_R7P1iSIm3",
            "content": "The secret of getting ahead is getting started.",
            "author": "Mark Twain"
        },
        {
            "_id": "4vBDcA9H-kG",
            "content": "No distance of place or lapse of time can lessen the friendship of those who are thoroughly persuaded of each other's worth.",
            "author": "Robert Southey"
        },
        {
            "_id": "AEocdFfGOhyx",
            "content": "What we see depends mainly on what we look for.",
            "author": "John Lubbock"
        },
        {
            "_id": "bTpqZkd3K7",
            "content": "Knowledge is going to make you stronger. Knowledge is going to let you control your life. Knowledge is going to give you the wisdom to teach their children. Knowledge is the thing that makes you smile in the face of disaster.",
            "author": "Avery Brooks"
        },
        {
            "_id": "8OBH14kq2G",
            "content": "Neatness begets order; but from order to taste there is the same difference as from taste to genius, or from love to friendship.",
            "author": "Johann Kaspar Lavater"
        },
        {
            "_id": "0mvbtxiIrRtQ",
            "content": "When I let go of what I am, I become what I might be.",
            "author": "Laozi"
        },
        {
            "_id": "o6XQ_Gzhxg",
            "content": "One's friends are that part of the human race with which one can be human.",
            "author": "George Santayana"
        },
        {
            "_id": "B9UxMLiqU9H8",
            "content": "Beware of missing chances; otherwise it may be altogether too late some day.",
            "author": "Franz Liszt"
        },
        {
            "_id": "B4VtMmx3gG",
            "content": "Wisdom is the power to put our time and our knowledge to the proper use.",
            "author": "Thomas J. Watson"
        },
        {
            "_id": "iXtSYIGVbm",
            "content": "The strong bond of friendship is not always a balanced equation; friendship is not always about giving and taking in equal shares. Instead, friendship is grounded in a feeling that you know exactly who will be there for you when you need something, no matter what or when.",
            "author": "Simon Sinek"
        },
        {
            "_id": "nv5eWGaFe892",
            "content": "I think somehow we learn who we really are and then live with that decision.",
            "author": "Eleanor Roosevelt"
        },
        {
            "_id": "Fg4uCgQpOYMw",
            "content": "This is the final test of a gentleman: his respect for those who can be of no possible value to him.",
            "author": "William Lyon Phelps"
        },
        {
            "_id": "nkftU-0YuUP6",
            "content": "Courage is not the absence of fear, but simply moving on with dignity despite that fear.",
            "author": "Pat Riley"
        },
        {
            "_id": "Zbd2FOmfMJVJ",
            "content": "There is nothing like returning to a place that remains unchanged to find the ways in which you yourself have altered.",
            "author": "Nelson Mandela"
        },
        {
            "_id": "l3-XvfRVtd",
            "content": "Let my skin and sinews and bones dry up, together with all the flesh and blood of my body! I welcome it! But I will not move from this spot until I have attained the supreme and final wisdom.",
            "author": "Buddha"
        },
        {
            "_id": "wkkqY5x5kia3",
            "content": "There are basically two types of people. People who accomplish things, and people who claim to have accomplished things. The first group is less crowded.",
            "author": "Mark Twain"
        },
        {
            "_id": "3tXfdExB8jB",
            "content": "From error to error one discovers the entire truth.",
            "author": "Sigmund Freud"
        },
        {
            "_id": "QEJsaQ4DbY-v",
            "content": "I am like a falling star who has finally found her place next to another in a lovely constellation, where we will sparkle in the heavens forever.",
            "author": "Amy Tan"
        },
        {
            "_id": "vuGBuD1oaev3",
            "content": "Do not go where the path may lead, go instead where there is no path and leave a trail.",
            "author": "Ralph Waldo Emerson"
        },
        {
            "_id": "CwRoiaY5uW8",
            "content": "No snowflake in an avalanche ever feels responsible.",
            "author": "Voltaire"
        },
        {
            "_id": "GzemxoxHgF2P",
            "content": "What matters is the value we've created in our lives, the people we've made happy and how much we've grown as people.",
            "author": "Daisaku Ikeda"
        },
        {
            "_id": "5ujpXxYvGfQp",
            "content": "Wrinkles should merely indicate where smiles have been.",
            "author": "Mark Twain"
        },
        {
            "_id": "Xof9SNxItD8Y",
            "content": "Before you can inspire with emotion, you must be swamped with it yourself. Before you can move their tears, your own must flow. To convince them, you must yourself believe.",
            "author": "Winston Churchill"
        },
        {
            "_id": "RP2z5Ir_xwF2",
            "content": "When we seek to discover the best in others, we somehow bring out the best in ourselves.",
            "author": "William Arthur Ward"
        },
        {
            "_id": "RrK_kU3Fjf0",
            "content": "Yesterdays home runs don't win today's games.",
            "author": "Babe Ruth"
        },
        {
            "_id": "YB-FRt_brC",
            "content": "Wisdom and penetration are the fruit of experience, not the lessons of retirement and leisure. Great necessities call out great virtues.",
            "author": "Abigail Adams"
        },
        {
            "_id": "RXBrRJcq1Cih",
            "content": "One must be fond of people and trust them if one is not to make a mess of life.",
            "author": "E. M. Forster"
        },
        {
            "_id": "dyPLKxIFG-Sq",
            "content": "The only journey is the one within.",
            "author": "Rainer Maria Rilke"
        },
        {
            "_id": "rAIJZHn5TH",
            "content": "The differences between friends cannot but reinforce their friendship.",
            "author": "Mao Zedong"
        },
        {
            "_id": "tVqHnTXq3bDN",
            "content": "It is one of the blessings of old friends that you can afford to be stupid with them.",
            "author": "Ralph Waldo Emerson"
        },
        {
            "_id": "d1a0cFxEb8Ng",
            "content": "The moment one gives close attention to anything, it becomes a mysterious, awesome, indescribably magnificent world in itself.",
            "author": "Henry Miller"
        },
        {
            "_id": "A5l8yCGO4BL5",
            "content": "Forgiveness is choosing to love. It is the first skill of self-giving love.",
            "author": "Mahatma Gandhi"
        },
        {
            "_id": "0Cel0Uy3XC",
            "content": "If a man does not make new acquaintances as he advances through life, he will soon find himself left alone. A man, sir, should keep his friendship in a constant repair.",
            "author": "Samuel Johnson"
        },
        {
            "_id": "U50kYf5u3f4B",
            "content": "Life's most persistent and urgent question is, 'What are you doing for others?'",
            "author": "Martin Luther King Jr."
        },
        {
            "_id": "TxvV88zUrVi3",
            "content": "Keep silence for the most part, and speak only when you must, and then briefly.",
            "author": "Epictetus"
        },
        {
            "_id": "2OVqy9KVYy3m",
            "content": "No one saves us but ourselves. No one can and no one may. We ourselves must walk the path.",
            "author": "Buddha"
        },
        {
            "_id": "KfOJkr869PQo",
            "content": "A hero is no braver than an ordinary man, but he is braver five minutes longer.",
            "author": "Ralph Waldo Emerson"
        },
        {
            "_id": "ZxKQ6LZn9nZl",
            "content": "The world has the habit of making room for the man whose actions show that he knows where he is going.",
            "author": "Napoleon Hill"
        },
        {
            "_id": "T6AMWsNRE5",
            "content": "Any sufficiently advanced technology is equivalent to magic.",
            "author": "Arthur C. Clarke"
        },
        {
            "_id": "LVmRBE6cytXv",
            "content": "Reason and free inquiry are the only effectual agents against error.",
            "author": "Thomas Jefferson"
        },
        {
            "_id": "Z5aMw6Z1KFjp",
            "content": "It is very easy to forgive others their mistakes; it takes more grit to forgive them for having witnessed your own.",
            "author": "Jessamyn West"
        },
        {
            "_id": "-p4UJJtG2e0g",
            "content": "Knowledge rests not upon truth alone, but upon error also.",
            "author": "Carl Jung"
        },
        {
            "_id": "rPhZvCjp1t8J",
            "content": "Remember that sometimes not getting what you want is a wonderful stroke of luck.",
            "author": "Dalai Lama"
        },
        {
            "_id": "VNbPhxpsCQrO",
            "content": "Remember always that you not only have the right to be an individual, you have an obligation to be one.",
            "author": "Eleanor Roosevelt"
        },
        {
            "_id": "aeAPqvNG3",
            "content": "It is a common experience that a problem difficult at night is resolved in the morning after the committee of sleep has worked on it.",
            "author": "John Steinbeck"
        },
        {
            "_id": "dMJ9b4iwZ0Lj",
            "content": "To make no mistakes is not in the power of man; but from their errors and mistakes the wise and good learn wisdom for the future.",
            "author": "Plutarch"
        },
        {
            "_id": "9sm_GJbP-2s_",
            "content": "This world, after all our science and sciences, is still a miracle; wonderful, inscrutable, magical and more, to whosoever will think of it.",
            "author": "Thomas Carlyle"
        },
        {
            "_id": "wIfNy-oDtr",
            "content": "Friendship needs no words - it is solitude delivered from the anguish of loneliness.",
            "author": "Dag Hammarskjöld"
        },
        {
            "_id": "m8q1pMkFz_jV",
            "content": "Wherever a man may happen to turn, whatever a man may undertake, he will always end up by returning to the path which nature has marked out for him.",
            "author": "Johann Wolfgang von Goethe"
        },
        {
            "_id": "nBSAX0LazBDt",
            "content": "If A is success in life, then A equals x plus y plus z. Work is x; y is play; and z is keeping your mouth shut.",
            "author": "Albert Einstein"
        },
        {
            "_id": "DZA5UWkbv-KJ",
            "content": "If we could see the miracle of a single flower clearly, our whole life would change.",
            "author": "Buddha"
        },
        {
            "_id": "b-zLcfguzkk7",
            "content": "When you are content to be simply yourself and don't compare or compete, everybody will respect you.",
            "author": "Laozi"
        },
        {
            "_id": "eDuDLZphbw9c",
            "content": "The best preparation for tomorrow is doing your best today.",
            "author": "H. Jackson Brown Jr."
        },
        {
            "_id": "5MYjs_eBt5",
            "content": "Love demands infinitely less than friendship.",
            "author": "George Jean Nathan"
        },
        {
            "_id": "kc_i68XUTzm9",
            "content": "If you spend too much time thinking about a thing, you'll never get it done.",
            "author": "Bruce Lee"
        },
        {
            "_id": "gBdWfRIFkxx4",
            "content": "The aim of life is self-development. To realize ones nature perfectly - that is what each of us is here for.",
            "author": "Oscar Wilde"
        },
        {
            "_id": "rROktmIDga",
            "content": "And when the world is created, it is created in such a way that those eternal objects of God's loving wisdom become actualities - interacting with one another, relating to God in the finite realm.",
            "author": "Rowan Williams"
        },
        {
            "_id": "395POpXmel",
            "content": "Life has no blessing like a prudent friend.",
            "author": "Euripides"
        },
        {
            "_id": "gP3atICYApeI",
            "content": "No pessimist ever discovered the secrets of the stars, or sailed to an uncharted land, or opened a new heaven to the human spirit.",
            "author": "Helen Keller"
        },
        {
            "_id": "7C2TU6MIz9o_",
            "content": "I'm not interested in age. People who tell me their age are silly. You're as old as you feel.",
            "author": "Elizabeth Arden"
        },
        {
            "_id": "EpDrsWX_c6li",
            "content": "When people are like each other they tend to like each other.",
            "author": "Tony Robbins"
        },
        {
            "_id": "8Lkh3gqcSh",
            "content": "Difficulties increase the nearer we get to the goal.",
            "author": "Johann Wolfgang von Goethe"
        },
        {
            "_id": "3-PoIjz4IDQ",
            "content": "In life, all good things come hard, but wisdom is the hardest to come by.",
            "author": "Lucille Ball"
        },
        {
            "_id": "_k3kxvogAs-6",
            "content": "If you have knowledge, let others light their candles in it.",
            "author": "Margaret Fuller"
        },
        {
            "_id": "5_6lVDMuo9IM",
            "content": "Happiness can exist only in acceptance.",
            "author": "George Orwell"
        },
        {
            "_id": "NTseDGDXOuo8",
            "content": "Life is really simple, but we insist on making it complicated.",
            "author": "Confucius"
        },
        {
            "_id": "mZGMxqlkKn",
            "content": "Friendship may, and often does, grow into love, but love never subsides into friendship.",
            "author": "Lord Byron"
        },
        {
            "_id": "0Z8EQaXeVdhX",
            "content": "Weve got to have a dream if we are going to make a dream come true.",
            "author": "Walt Disney"
        },
        {
            "_id": "heFGlWwPZjvX",
            "content": "Promises are the uniquely human way of ordering the future, making it predictable and reliable to the extent that this is humanly possible.",
            "author": "Hannah Arendt"
        },
        {
            "_id": "g1GZtzlspywZ",
            "content": "Most of the important things in the world have been accomplished by people who have kept on trying when there seemed to be no hope at all.",
            "author": "Dale Carnegie"
        },
        {
            "_id": "YTqaIDVD0fX3",
            "content": "The way we communicate with others and with ourselves ultimately determines the quality of our lives.",
            "author": "Tony Robbins"
        },
        {
            "_id": "xjRJ2oXvhode",
            "content": "Time you enjoyed wasting was not wasted.",
            "author": "John Lennon"
        },
        {
            "_id": "M1DjUqEQCO-E",
            "content": "Never bend your head. Always hold it high. Look the world right in the eye.",
            "author": "Helen Keller"
        },
        {
            "_id": "wdTamcKIF6Oc",
            "content": "All achievements, all earned riches, have their beginning in an idea.",
            "author": "Napoleon Hill"
        },
        {
            "_id": "vmmay0GtEHcT",
            "content": "The poor man is not he who is without a cent, but he who is without a dream.",
            "author": "Harry Kemp"
        },
        {
            "_id": "0IP2kpOHSiPj",
            "content": "I have never been hurt by anything I didn't say.",
            "author": "Calvin Coolidge"
        },
        {
            "_id": "FO7XX9krDFzO",
            "content": "Every artist dips his brush in his own soul, and paints his own nature into his pictures.",
            "author": "Henry Ward Beecher"
        },
        {
            "_id": "5_zuctgLXl8x",
            "content": "The right way is not always the popular and easy way. Standing for right when it is unpopular is a true test of moral character.",
            "author": "Margaret Chase Smith"
        },
        {
            "_id": "mH_m-Xmw1dk",
            "content": "Don't wait. The time will never be just right.",
            "author": "Napoleon Hill"
        }
    ]
}
